metric,correlation,correlation_direction,threshold_1_to_2,threshold_2_to_3,threshold_3_to_4,threshold_accuracy
occurrences,0.3788616779295559,positive,2998.2000000000003,4522.0,158943.2000000002,0.494949494949495
avg_character_count,0.23248038703621712,positive,2.0,2.0,5.0,0.35353535353535354
amount_distinct_neighbors,0.37042550643272226,positive,405.6,559.6,29044.800000000003,0.48484848484848486
word_entropy,0.31258172494741066,positive,6.852,7.170799999999999,8.090800000000002,0.4444444444444444
collocation_strength,-0.23637582931452625,negative,6.149000000000001,8.8942,9.316600000000001,0.3939393939393939
synthetic_context_adversity,0.36422556525355754,positive,58.0,65.8,87.4,0.5050505050505051
