model,dataset,m1_recovery,icl_recall,m2_real,m2_fake,m2_gap,halfset_recall,halfset_context_n,m3_match_rate,m4_overall_acc
openai:gpt-4o,original,0.09223300970873786,0.07482993197278912,0.09223300970873786,0.0,0.09223300970873786,0.0970873786407767,103,0.0,0.3402061855670103
