model,dataset,m1_recovery,icl_recall,m2_real,m2_fake,m2_gap,halfset_recall,halfset_context_n,m3_match_rate,m4_overall_acc
openai:gpt-4o,wiki,0.4444444444444444,0.47435897435897434,0.5,0.003875968992248062,0.49612403100775193,0.4444444444444444,18,0.0,0.08333333333333333
